policy,accuracy,precision,recall,f1,spray_rate,unnecessary_sprays,unnecessary_reduction
static,0.8025,0.19642857142857142,0.24444444444444444,0.21782178217821782,0.14,90,
weather_adaptive,0.805,0.19444444444444445,0.23333333333333334,0.21212121212121213,0.135,87,0.03333333333333333
