policy,accuracy,precision,recall,f1
static,0.8025,0.19642857142857142,0.24444444444444444,0.21782178217821782
weather_adaptive,0.805,0.19444444444444445,0.23333333333333334,0.21212121212121213
