weather_penalty,static_spray_rate,adapt_spray_rate,count
"(-0.001, 0.2]",0.12840466926070038,0.12840466926070038,514.0
"(0.2, 0.4]",0.175,0.175,240.0
"(0.4, 0.6]",0.0975609756097561,0.0,41.0
"(0.6, 0.8]",0.0,0.0,5.0
"(0.8, 1.0]",,,0.0
